Session Code,Circuit Short Name,Team,Driver Number,Driver Name,Fastest Lap Duration,st_speed,Duration Sector 1,Duration Sector 2,Duration Sector 3,Compound,Tyre Age,Air Temperature,Rainfall,Track Temp,Wind Direction,Wind Speed
7953,Sakhir,UNKNOWN TEAM,1,Max VERSTAPPEN,96.236,296,30.783,42.005,23.448,HARD,,26.4,0,,214,0.8
7953,Sakhir,UNKNOWN TEAM,2,Logan SARGEANT,96.037,309,30.492,41.875,23.67,SOFT,,26.5,0,,0,0.0
7953,Sakhir,UNKNOWN TEAM,4,Lando NORRIS,95.257,301,30.533,41.13,23.594,SOFT,,26.3,0,,246,0.0
7953,Sakhir,UNKNOWN TEAM,10,Pierre GASLY,95.068,327,30.069,41.393,23.606,SOFT,,26.5,0,,0,0.0
7953,Sakhir,UNKNOWN TEAM,11,Sergio PEREZ,96.344,293,30.919,41.914,23.511,HARD,,26.6,0,,0,0.4
7953,Sakhir,UNKNOWN TEAM,14,Fernando ALONSO,96.156,296,30.895,41.462,23.799,HARD,,26.7,0,,192,0.4
7953,Sakhir,UNKNOWN TEAM,16,Charles LECLERC,97.17,305,31.07,42.385,23.715,HARD,,26.6,0,,0,0.4
7953,Sakhir,UNKNOWN TEAM,18,Lance STROLL,96.546,303,30.853,41.993,23.7,HARD,,26.7,0,,204,0.6
7953,Sakhir,UNKNOWN TEAM,20,Kevin MAGNUSSEN,96.471,300,30.737,42.113,23.621,SOFT,,26.4,0,,184,0.0
7953,Sakhir,UNKNOWN TEAM,21,Nyck DE VRIES,97.709,300,31.186,42.605,23.918,HARD,,26.7,0,,171,0.6
7953,Sakhir,UNKNOWN TEAM,22,Yuki TSUNODA,96.637,318,30.997,41.735,23.905,SOFT,,26.5,0,,0,0.0
7953,Sakhir,UNKNOWN TEAM,23,Alexander ALBON,97.144,313,30.767,42.589,23.788,SOFT,,26.4,0,,214,0.8
7953,Sakhir,UNKNOWN TEAM,24,ZHOU Guanyu,93.996,292,30.183,40.533,23.28,SOFT,,26.3,0,,116,0.6
7953,Sakhir,UNKNOWN TEAM,27,Nico HULKENBERG,96.616,302,30.788,42.011,23.817,SOFT,,26.4,0,,184,0.0
7953,Sakhir,UNKNOWN TEAM,31,Esteban OCON,96.797,296,30.92,42.107,23.77,HARD,,26.6,0,,218,0.4
7953,Sakhir,UNKNOWN TEAM,44,Lewis HAMILTON,96.546,,30.869,42.013,23.664,HARD,,26.7,0,,192,0.4
7953,Sakhir,UNKNOWN TEAM,55,Carlos SAINZ,97.13,,31.018,42.443,23.669,HARD,,26.6,0,,0,0.4
7953,Sakhir,UNKNOWN TEAM,63,George RUSSELL,97.035,310,30.782,42.391,23.862,HARD,,26.5,0,,0,0.0
7953,Sakhir,UNKNOWN TEAM,77,Valtteri BOTTAS,97.379,294,31.079,42.337,23.963,HARD,,26.7,0,,228,0.6
7953,Sakhir,UNKNOWN TEAM,81,Oscar PIASTRI,100.691,302,31.877,43.986,24.828,SOFT,,27.3,0,,197,0.6
7779,Jeddah,UNKNOWN TEAM,1,Max VERSTAPPEN,91.906,316,33.543,29.045,29.318,HARD,,26.0,0,,58,1.2
7779,Jeddah,UNKNOWN TEAM,2,Logan SARGEANT,94.469,311,34.76,29.761,29.948,MEDIUM,,26.0,0,,322,1.7
7779,Jeddah,UNKNOWN TEAM,4,Lando NORRIS,94.122,317,34.58,29.678,29.864,MEDIUM,,26.0,0,,322,1.7
7779,Jeddah,UNKNOWN TEAM,10,Pierre GASLY,93.392,301,34.284,29.499,29.609,HARD,,26.0,0,,58,1.2
7779,Jeddah,UNKNOWN TEAM,11,Sergio PEREZ,92.188,315,33.721,29.122,29.345,HARD,,26.1,0,,320,1.2
7779,Jeddah,UNKNOWN TEAM,14,Fernando ALONSO,92.24,311,33.731,29.096,29.413,HARD,,26.0,0,,58,1.2
7779,Jeddah,UNKNOWN TEAM,16,Charles LECLERC,93.056,310,34.048,29.457,29.551,HARD,,26.0,0,,27,1.2
7779,Jeddah,UNKNOWN TEAM,18,Lance STROLL,95.14,328,35.344,29.925,29.871,MEDIUM,,26.3,0,,289,1.5
7779,Jeddah,UNKNOWN TEAM,20,Kevin MAGNUSSEN,93.374,326,34.389,29.287,29.698,HARD,,25.9,0,,18,2.5
7779,Jeddah,UNKNOWN TEAM,21,Nyck DE VRIES,93.609,305,34.354,29.506,29.749,HARD,,26.0,0,,322,1.7
7779,Jeddah,UNKNOWN TEAM,22,Yuki TSUNODA,93.931,306,34.408,29.737,29.786,HARD,,25.9,0,,8,1.1
7779,Jeddah,UNKNOWN TEAM,23,Alexander ALBON,95.567,333,35.643,29.962,29.962,HARD,,26.1,0,,307,1.3
7779,Jeddah,UNKNOWN TEAM,24,ZHOU Guanyu,93.894,306,34.426,29.505,29.963,MEDIUM,,26.0,0,,322,1.7
7779,Jeddah,UNKNOWN TEAM,27,Nico HULKENBERG,93.78,317,34.597,29.415,29.768,HARD,,25.9,0,,8,1.1
7779,Jeddah,UNKNOWN TEAM,31,Esteban OCON,93.222,311,34.178,29.49,29.554,HARD,,26.0,0,,322,1.7
7779,Jeddah,UNKNOWN TEAM,44,Lewis HAMILTON,92.941,303,34.026,29.225,29.69,MEDIUM,,26.0,0,,269,1.3
7779,Jeddah,UNKNOWN TEAM,55,Carlos SAINZ,92.822,310,33.929,29.367,29.526,HARD,,26.0,0,,58,1.2
7779,Jeddah,UNKNOWN TEAM,63,George RUSSELL,92.433,311,33.785,29.221,29.427,HARD,,26.0,0,,58,1.2
7779,Jeddah,UNKNOWN TEAM,77,Valtteri BOTTAS,94.384,298,34.584,29.88,29.92,SOFT,,26.1,0,,320,1.2
7779,Jeddah,UNKNOWN TEAM,81,Oscar PIASTRI,94.287,317,34.907,29.686,29.694,HARD,,26.0,0,,47,1.6
7787,Melbourne,Red Bull Racing,1,Max VERSTAPPEN,80.342,291,27.834,18.133,34.375,HARD,,17.5,0,,126,0.8
7787,Melbourne,Red Bull Racing,11,Sergio PEREZ,80.235,297,28.044,17.802,34.389,HARD,,17.5,0,,0,0.6
7787,Melbourne,Williams,2,Logan SARGEANT,81.456,317,28.208,17.922,35.326,HARD,,17.5,0,,106,0.6
7787,Melbourne,Williams,23,Alexander ALBON,83.349,295,29.156,18.316,35.877,MEDIUM,,17.7,0,,157,1.0
7787,Melbourne,McLaren,4,Lando NORRIS,81.173,313,28.478,17.949,34.746,HARD,,17.5,0,,90,1.2
7787,Melbourne,McLaren,81,Oscar PIASTRI,81.335,,28.297,18.364,34.674,HARD,,17.5,0,,0,0.6
7787,Melbourne,Alpine,10,Pierre GASLY,80.995,,28.18,17.821,34.994,HARD,,17.5,0,,140,0.8
7787,Melbourne,Alpine,31,Esteban OCON,81.203,,28.358,18.217,34.628,HARD,,17.6,0,,0,1.7
7787,Melbourne,Aston Martin,14,Fernando ALONSO,80.476,292,27.948,18.107,34.421,HARD,,17.5,0,,0,0.6
7787,Melbourne,Aston Martin,18,Lance STROLL,80.934,293,28.417,17.941,34.576,HARD,,17.5,0,,160,0.8
7787,Melbourne,Ferrari,16,Charles LECLERC,,,,,,,,,,,,
7787,Melbourne,Ferrari,55,Carlos SAINZ,80.467,295,27.985,18.061,34.421,HARD,,17.5,0,,0,0.6
7787,Melbourne,Haas F1 Team,20,Kevin MAGNUSSEN,81.685,291,28.475,18.273,34.937,HARD,,17.5,0,,61,1.3
7787,Melbourne,Haas F1 Team,27,Nico HULKENBERG,81.124,313,28.446,17.687,34.991,HARD,,17.5,0,,90,1.2
7787,Melbourne,AlphaTauri,21,Nyck DE VRIES,81.183,290,28.155,18.299,34.729,SOFT,,17.5,0,,106,0.6
7787,Melbourne,AlphaTauri,22,Yuki TSUNODA,81.789,290,28.553,18.331,34.905,HARD,,17.5,0,,61,1.3
7787,Melbourne,Alfa Romeo,24,ZHOU Guanyu,81.819,309,28.487,18.222,35.11,HARD,,17.5,0,,126,0.8
7787,Melbourne,Alfa Romeo,77,Valtteri BOTTAS,82.233,291,28.414,18.51,35.309,HARD,,17.5,0,,90,1.2
7787,Melbourne,Mercedes,44,Lewis HAMILTON,80.613,295,27.911,18.141,34.561,HARD,,17.5,0,,126,0.8
7787,Melbourne,Mercedes,63,George RUSSELL,82.68,293,28.733,18.436,35.511,HARD,,18.0,0,,346,1.1
9069,Baku,Red Bull Racing,1,Max VERSTAPPEN,103.723,324,36.796,42.178,24.749,MEDIUM,,22.0,0,,245,0.8
9069,Baku,Red Bull Racing,11,Sergio PEREZ,103.616,318,36.867,41.584,25.165,MEDIUM,,22.0,0,,232,0.6
9069,Baku,McLaren,4,Lando NORRIS,104.484,317,37.064,42.193,25.227,MEDIUM,,21.8,0,,217,1.8
9069,Baku,McLaren,81,Oscar PIASTRI,104.776,329,37.556,42.616,24.604,MEDIUM,,22.0,0,,214,1.2
9069,Baku,Alpine,10,Pierre GASLY,105.883,326,37.796,43.274,24.813,MEDIUM,,22.0,0,,177,1.0
9069,Baku,Alpine,31,Esteban OCON,105.09,318,37.36,42.448,25.282,SOFT,,21.8,0,,217,1.8
9069,Baku,Aston Martin,14,Fernando ALONSO,104.544,322,37.246,42.349,24.949,MEDIUM,,22.0,0,,177,1.0
9069,Baku,Aston Martin,18,Lance STROLL,104.855,323,37.225,42.567,25.063,MEDIUM,,21.8,0,,327,0.5
9069,Baku,Ferrari,16,Charles LECLERC,103.646,322,36.726,42.003,24.917,MEDIUM,,22.0,0,,177,1.0
9069,Baku,Ferrari,55,Carlos SAINZ,104.398,323,37.097,42.329,24.972,MEDIUM,,22.0,0,,232,0.6
9069,Baku,Haas F1 Team,20,Kevin MAGNUSSEN,105.349,320,37.636,42.511,25.202,MEDIUM,,21.8,0,,194,1.0
9069,Baku,Haas F1 Team,27,Nico HULKENBERG,105.971,326,37.886,43.08,25.005,MEDIUM,,22.0,0,,214,1.2
9069,Baku,AlphaTauri,21,Nyck DE VRIES,105.768,319,37.523,42.866,25.379,MEDIUM,,21.9,0,,230,1.7
9069,Baku,AlphaTauri,22,Yuki TSUNODA,,,,,,,,,,,,
9069,Baku,Williams,23,Alexander ALBON,104.915,322,37.428,42.453,25.034,MEDIUM,,22.0,0,,245,0.8
9069,Baku,Alfa Romeo,24,ZHOU Guanyu,105.766,316,37.658,42.766,25.342,MEDIUM,,21.8,0,,226,1.1
9069,Baku,Alfa Romeo,77,Valtteri BOTTAS,106.277,321,37.915,43.123,25.239,SOFT,,21.9,0,,287,1.7
9069,Baku,Mercedes,44,Lewis HAMILTON,104.601,321,37.369,42.259,24.973,MEDIUM,,22.0,0,,214,1.2
9069,Baku,Mercedes,63,George RUSSELL,104.409,318,37.053,42.175,25.181,MEDIUM,,22.0,0,,245,0.8
9070,Baku,UNKNOWN TEAM,1,Max VERSTAPPEN,104.232,325,36.807,42.294,25.131,HARD,,24.8,0,,190,1.3
9070,Baku,UNKNOWN TEAM,2,Logan SARGEANT,106.501,323,37.521,43.622,25.358,HARD,,24.8,0,,210,1.1
9070,Baku,UNKNOWN TEAM,4,Lando NORRIS,105.738,319,37.591,42.771,25.376,HARD,,24.8,0,,210,1.1
9070,Baku,UNKNOWN TEAM,10,Pierre GASLY,105.54,321,37.395,42.91,25.235,HARD,,25.0,0,,194,1.2
9070,Baku,UNKNOWN TEAM,11,Sergio PEREZ,104.589,322,37.132,42.22,25.237,HARD,,24.8,0,,210,1.1
9070,Baku,UNKNOWN TEAM,14,Fernando ALONSO,104.241,324,36.817,42.359,25.065,HARD,,24.8,0,,191,1.6
9070,Baku,UNKNOWN TEAM,16,Charles LECLERC,104.561,321,36.907,42.495,25.159,HARD,,24.8,0,,191,1.6
9070,Baku,UNKNOWN TEAM,18,Lance STROLL,105.627,323,37.367,42.998,25.262,HARD,,25.3,0,,123,1.0
9070,Baku,UNKNOWN TEAM,20,Kevin MAGNUSSEN,105.85,326,37.78,42.898,25.172,HARD,,24.7,0,,223,1.7
9070,Baku,UNKNOWN TEAM,21,Nyck DE VRIES,108.781,323,38.654,44.695,25.432,HARD,,24.9,0,,9,1.0
9070,Baku,UNKNOWN TEAM,22,Yuki TSUNODA,105.727,320,37.576,42.721,25.43,HARD,,24.7,0,,223,1.7
9070,Baku,UNKNOWN TEAM,23,Alexander ALBON,105.925,325,37.549,43.149,25.227,HARD,,24.7,0,,223,1.7
9070,Baku,UNKNOWN TEAM,24,ZHOU Guanyu,107.553,317,38.294,43.719,25.54,HARD,,25.5,0,,75,1.2
9070,Baku,UNKNOWN TEAM,27,Nico HULKENBERG,106.731,324,37.877,43.61,25.244,HARD,,25.5,0,,73,1.0
9070,Baku,UNKNOWN TEAM,31,Esteban OCON,105.908,318,37.405,43.093,25.41,HARD,,24.8,0,,210,1.1
9070,Baku,UNKNOWN TEAM,44,Lewis HAMILTON,105.346,320,37.24,42.81,25.296,HARD,,25.0,0,,221,2.0
9070,Baku,UNKNOWN TEAM,55,Carlos SAINZ,105.175,318,37.327,42.542,25.306,HARD,,25.0,0,,221,2.0
9070,Baku,UNKNOWN TEAM,63,George RUSSELL,103.37,316,36.397,41.715,25.258,SOFT,,24.7,0,,223,1.7
9070,Baku,UNKNOWN TEAM,77,Valtteri BOTTAS,106.304,314,37.729,42.942,25.633,MEDIUM,,25.5,0,,0,0.8
9070,Baku,UNKNOWN TEAM,81,Oscar PIASTRI,105.631,321,37.461,42.88,25.29,HARD,,24.7,0,,223,1.7
9078,Miami,Red Bull Racing,1,Max VERSTAPPEN,89.708,324,30.233,34.098,25.377,MEDIUM,,27.0,0,,126,4.5
9078,Miami,Red Bull Racing,11,Sergio PEREZ,90.56,320,30.441,34.662,25.457,HARD,,27.1,0,,154,3.7
9078,Miami,Williams,2,Logan SARGEANT,92.384,323,31.372,35.219,25.793,HARD,,27.1,0,,136,4.0
9078,Miami,Williams,23,Alexander ALBON,91.852,332,31.207,34.909,25.736,HARD,,27.0,0,,126,4.5
9078,Miami,McLaren,4,Lando NORRIS,92.401,314,31.228,35.194,25.979,HARD,,27.1,0,,140,4.4
9078,Miami,McLaren,81,Oscar PIASTRI,92.006,311,31.089,35.046,25.871,HARD,,27.1,0,,154,3.7
9078,Miami,Alpine,10,Pierre GASLY,91.971,298,31.178,34.908,25.885,HARD,,26.9,0,,136,4.0
9078,Miami,Alpine,31,Esteban OCON,91.143,314,30.724,34.797,25.622,MEDIUM,,27.0,0,,141,3.7
9078,Miami,Aston Martin,14,Fernando ALONSO,90.519,321,30.435,34.583,25.501,HARD,,27.1,0,,154,3.7
9078,Miami,Aston Martin,18,Lance STROLL,90.862,324,30.773,34.542,25.547,MEDIUM,,26.7,0,,158,4.3
9078,Miami,Ferrari,16,Charles LECLERC,91.434,320,30.867,34.765,25.802,HARD,,27.1,0,,154,3.7
9078,Miami,Ferrari,55,Carlos SAINZ,91.362,313,30.94,34.64,25.782,HARD,,26.9,0,,136,4.0
9078,Miami,Haas F1 Team,20,Kevin MAGNUSSEN,91.691,315,31.01,34.943,25.738,HARD,,27.0,0,,120,3.9
9078,Miami,Haas F1 Team,27,Nico HULKENBERG,90.901,314,30.905,34.514,25.482,MEDIUM,,26.9,0,,142,3.7
9078,Miami,AlphaTauri,21,Nyck DE VRIES,91.562,319,30.768,34.978,25.816,HARD,,27.1,0,,136,3.0
9078,Miami,AlphaTauri,22,Yuki TSUNODA,91.038,320,30.756,34.715,25.567,MEDIUM,,27.0,0,,141,3.7
9078,Miami,Alfa Romeo,24,ZHOU Guanyu,91.736,315,31.028,34.929,25.779,MEDIUM,,27.0,0,,141,3.7
9078,Miami,Alfa Romeo,77,Valtteri BOTTAS,91.838,313,30.914,34.975,25.949,HARD,,27.0,0,,141,3.7
9078,Miami,Mercedes,44,Lewis HAMILTON,90.669,317,30.349,34.629,25.691,MEDIUM,,27.1,0,,154,3.7
9078,Miami,Mercedes,63,George RUSSELL,91.015,316,30.739,34.683,25.593,HARD,,27.1,0,,154,3.7
9094,Monte Carlo,Red Bull Racing,1,Max VERSTAPPEN,76.604,265,20.208,36.076,20.32,MEDIUM,,25.4,0,,125,1.6
9094,Monte Carlo,Red Bull Racing,11,Sergio PEREZ,76.269,278,20.267,35.734,20.268,HARD,,25.5,0,,161,1.3
9094,Monte Carlo,Williams,2,Logan SARGEANT,77.302,280,20.245,36.458,20.599,SOFT,,25.6,0,,137,1.0
9094,Monte Carlo,Williams,23,Alexander ALBON,76.672,282,20.231,36.015,20.426,HARD,,25.4,0,,141,1.1
9094,Monte Carlo,McLaren,4,Lando NORRIS,77.844,279,20.26,36.955,20.629,MEDIUM,,25.0,0,,131,0.8
9094,Monte Carlo,McLaren,81,Oscar PIASTRI,77.513,280,20.021,36.724,20.768,HARD,,25.0,0,,70,0.8
9094,Monte Carlo,Alpine,10,Pierre GASLY,75.831,281,19.843,35.692,20.296,MEDIUM,,25.0,0,,128,2.0
9094,Monte Carlo,Alpine,31,Esteban OCON,76.528,279,19.97,35.987,20.571,HARD,,25.3,0,,152,1.2
9094,Monte Carlo,Aston Martin,14,Fernando ALONSO,76.674,278,19.813,36.396,20.465,HARD,,25.3,0,,109,1.2
9094,Monte Carlo,Aston Martin,18,Lance STROLL,77.769,278,20.371,36.547,20.851,HARD,,25.2,0,,145,0.8
9094,Monte Carlo,Ferrari,16,Charles LECLERC,75.773,280,19.996,35.718,20.059,MEDIUM,,25.1,0,,153,0.8
9094,Monte Carlo,Ferrari,55,Carlos SAINZ,76.449,283,20.016,36.171,20.262,MEDIUM,,25.3,0,,109,1.2
9094,Monte Carlo,Haas F1 Team,20,Kevin MAGNUSSEN,78.351,281,20.323,37.194,20.834,HARD,,25.3,0,,139,1.2
9094,Monte Carlo,Haas F1 Team,27,Nico HULKENBERG,76.991,283,20.218,36.255,20.518,HARD,,25.4,0,,76,0.8
9094,Monte Carlo,AlphaTauri,21,Nyck DE VRIES,77.561,278,20.345,36.591,20.625,MEDIUM,,25.2,0,,151,0.8
9094,Monte Carlo,AlphaTauri,22,Yuki TSUNODA,77.68,277,20.371,36.522,20.787,MEDIUM,,25.4,0,,154,1.6
9094,Monte Carlo,Alfa Romeo,24,ZHOU Guanyu,76.926,278,20.3,36.13,20.496,HARD,,25.5,0,,161,1.3
9094,Monte Carlo,Alfa Romeo,77,Valtteri BOTTAS,77.824,277,20.221,36.608,20.995,HARD,,25.3,0,,132,0.6
9094,Monte Carlo,Mercedes,44,Lewis HAMILTON,75.65,280,19.76,35.647,20.243,HARD,,25.6,0,,156,1.0
9094,Monte Carlo,Mercedes,63,George RUSSELL,76.798,281,20.07,36.259,20.469,HARD,,25.1,0,,145,1.0
9102,Catalunya,Red Bull Racing,1,Max VERSTAPPEN,76.33,307,22.706,30.589,23.035,SOFT,,21.7,0,,17,1.7
9102,Catalunya,Red Bull Racing,11,Sergio PEREZ,76.666,306,23.157,30.792,22.717,SOFT,,22.2,0,,100,1.8
9102,Catalunya,Williams,2,Logan SARGEANT,79.247,,23.448,31.914,23.885,HARD,,22.1,0,,58,2.9
9102,Catalunya,Williams,23,Alexander ALBON,79.133,,23.536,31.764,23.833,MEDIUM,,21.8,0,,36,1.7
9102,Catalunya,McLaren,4,Lando NORRIS,77.182,324,22.639,31.131,23.412,SOFT,,21.9,0,,80,2.2
9102,Catalunya,McLaren,81,Oscar PIASTRI,78.679,302,23.429,31.673,23.577,MEDIUM,,22.1,0,,58,2.9
9102,Catalunya,Alpine,10,Pierre GASLY,78.375,308,23.301,31.669,23.405,HARD,,22.1,0,,58,2.9
9102,Catalunya,Alpine,31,Esteban OCON,78.946,,23.332,31.793,23.821,HARD,,21.9,0,,71,1.7
9102,Catalunya,Aston Martin,14,Fernando ALONSO,78.083,325,22.892,31.537,23.654,HARD,,22.1,0,,44,1.8
9102,Catalunya,Aston Martin,18,Lance STROLL,78.722,,23.379,31.698,23.645,HARD,,21.9,0,,80,2.2
9102,Catalunya,Ferrari,16,Charles LECLERC,78.357,310,23.239,31.415,23.703,SOFT,,22.2,0,,100,1.8
9102,Catalunya,Ferrari,55,Carlos SAINZ,78.403,308,23.388,31.454,23.561,HARD,,21.8,0,,36,1.7
9102,Catalunya,Haas F1 Team,20,Kevin MAGNUSSEN,78.069,309,23.35,31.319,23.4,MEDIUM,,22.1,0,,55,1.7
9102,Catalunya,Haas F1 Team,27,Nico HULKENBERG,78.776,,23.359,31.689,23.728,MEDIUM,,21.9,0,,44,3.0
9102,Catalunya,AlphaTauri,21,Nyck DE VRIES,78.594,324,23.266,31.611,23.717,MEDIUM,,22.1,0,,58,2.9
9102,Catalunya,AlphaTauri,22,Yuki TSUNODA,78.904,,23.43,31.661,23.813,MEDIUM,,21.8,0,,27,1.2
9102,Catalunya,Alfa Romeo,24,ZHOU Guanyu,78.753,298,23.734,31.461,23.558,HARD,,22.1,0,,42,0.8
9102,Catalunya,Alfa Romeo,77,Valtteri BOTTAS,78.242,320,22.949,31.402,23.891,HARD,,22.0,0,,62,1.2
9102,Catalunya,Mercedes,44,Lewis HAMILTON,76.676,326,22.514,30.955,23.207,SOFT,,21.6,0,,52,1.1
9102,Catalunya,Mercedes,63,George RUSSELL,77.875,,23.385,31.123,23.367,SOFT,,22.0,0,,113,2.9
9110,Montreal,Red Bull Racing,1,Max VERSTAPPEN,75.594,310,21.025,24.048,30.521,MEDIUM,,19.3,0,,357,1.5
9110,Montreal,Red Bull Racing,11,Sergio PEREZ,74.481,304,20.627,23.762,30.092,SOFT,,19.1,0,,347,3.0
9110,Montreal,Williams,2,Logan SARGEANT,78.437,334,22.244,25.179,31.014,MEDIUM,,18.5,0,,304,2.0
9110,Montreal,Williams,23,Alexander ALBON,76.917,311,21.599,24.531,30.787,HARD,,19.2,0,,351,1.6
9110,Montreal,McLaren,4,Lando NORRIS,76.374,329,21.604,24.54,30.23,HARD,,19.3,0,,343,1.8
9110,Montreal,McLaren,81,Oscar PIASTRI,76.598,309,21.355,24.496,30.747,HARD,,19.0,0,,336,2.0
9110,Montreal,Alpine,10,Pierre GASLY,76.425,331,21.419,24.43,30.576,HARD,,19.3,0,,357,1.5
9110,Montreal,Alpine,31,Esteban OCON,76.782,324,21.526,24.618,30.638,HARD,,19.1,0,,337,1.8
9110,Montreal,Aston Martin,14,Fernando ALONSO,75.779,302,20.901,24.158,30.72,HARD,,19.1,0,,313,2.4
9110,Montreal,Aston Martin,18,Lance STROLL,76.564,331,21.371,24.511,30.682,HARD,,19.0,0,,301,2.7
9110,Montreal,Ferrari,16,Charles LECLERC,75.907,308,21.083,24.317,30.507,HARD,,19.1,0,,358,1.8
9110,Montreal,Ferrari,55,Carlos SAINZ,75.911,310,21.194,24.227,30.49,HARD,,19.1,0,,358,1.8
9110,Montreal,Haas F1 Team,20,Kevin MAGNUSSEN,76.126,326,21.243,24.406,30.477,MEDIUM,,19.0,0,,343,1.2
9110,Montreal,Haas F1 Team,27,Nico HULKENBERG,77.232,302,21.477,24.712,31.043,HARD,,19.4,0,,329,2.5
9110,Montreal,AlphaTauri,21,Nyck DE VRIES,76.656,309,21.353,24.603,30.7,HARD,,19.1,0,,316,1.8
9110,Montreal,AlphaTauri,22,Yuki TSUNODA,76.666,311,21.467,24.393,30.806,HARD,,19.2,0,,351,1.6
9110,Montreal,Alfa Romeo,24,ZHOU Guanyu,77.09,309,21.522,24.549,31.019,HARD,,19.0,0,,325,2.0
9110,Montreal,Alfa Romeo,77,Valtteri BOTTAS,76.625,323,21.455,24.517,30.653,MEDIUM,,19.1,0,,289,2.0
9110,Montreal,Mercedes,44,Lewis HAMILTON,75.396,304,20.768,24.05,30.578,MEDIUM,,19.1,0,,358,1.8
9110,Montreal,Mercedes,63,George RUSSELL,77.097,307,21.51,24.559,31.028,HARD,,19.3,0,,308,1.8
9117,Spielberg,UNKNOWN TEAM,1,Max VERSTAPPEN,74.292,298,18.481,33.606,22.205,INTERMEDIATE,,16.5,0,,112,2.2
9117,Spielberg,UNKNOWN TEAM,2,Logan SARGEANT,71.829,306,17.442,33.004,21.383,MEDIUM,,16.4,0,,61,0.8
9117,Spielberg,UNKNOWN TEAM,4,Lando NORRIS,75.627,311,18.919,34.101,22.607,INTERMEDIATE,,16.5,0,,112,2.2
9117,Spielberg,UNKNOWN TEAM,10,Pierre GASLY,76.109,290,18.583,34.854,22.672,INTERMEDIATE,,16.4,0,,0,0.8
9117,Spielberg,UNKNOWN TEAM,11,Sergio PEREZ,75.492,291,18.704,33.848,22.94,INTERMEDIATE,,16.4,0,,141,1.8
9117,Spielberg,UNKNOWN TEAM,14,Fernando ALONSO,74.978,297,18.622,34.061,22.295,INTERMEDIATE,,16.5,0,,140,1.5
9117,Spielberg,UNKNOWN TEAM,16,Charles LECLERC,70.686,317,17.237,31.967,21.482,MEDIUM,,16.6,0,,75,1.2
9117,Spielberg,UNKNOWN TEAM,18,Lance STROLL,75.531,298,18.321,34.349,22.861,INTERMEDIATE,,16.4,0,,0,0.8
9117,Spielberg,UNKNOWN TEAM,20,Kevin MAGNUSSEN,70.539,300,17.657,31.972,20.91,MEDIUM,,16.5,0,,73,0.6
9117,Spielberg,UNKNOWN TEAM,21,Nyck DE VRIES,71.701,316,17.245,32.91,21.546,SOFT,,16.4,0,,0,0.8
9117,Spielberg,UNKNOWN TEAM,22,Yuki TSUNODA,71.363,293,17.746,32.279,21.338,SOFT,,16.5,0,,73,0.6
9117,Spielberg,UNKNOWN TEAM,23,Alexander ALBON,71.635,300,17.468,32.447,21.72,MEDIUM,,16.6,0,,75,1.2
9117,Spielberg,UNKNOWN TEAM,24,ZHOU Guanyu,71.305,303,17.589,32.244,21.472,SOFT,,16.4,0,,0,0.8
9117,Spielberg,UNKNOWN TEAM,27,Nico HULKENBERG,70.18,299,17.387,31.531,21.262,MEDIUM,,16.6,0,,75,1.2
9117,Spielberg,UNKNOWN TEAM,31,Esteban OCON,75.512,284,18.429,34.774,22.309,INTERMEDIATE,,16.4,0,,61,0.8
9117,Spielberg,UNKNOWN TEAM,44,Lewis HAMILTON,70.775,292,17.461,32.023,21.291,SOFT,,16.6,0,,75,1.2
9117,Spielberg,UNKNOWN TEAM,55,Carlos SAINZ,75.457,297,18.763,34.014,22.68,INTERMEDIATE,,16.4,0,,141,1.8
9117,Spielberg,UNKNOWN TEAM,63,George RUSSELL,70.385,298,17.514,31.843,21.028,SOFT,,16.5,0,,73,0.6
9117,Spielberg,UNKNOWN TEAM,77,Valtteri BOTTAS,76.758,298,18.381,35.046,23.331,INTERMEDIATE,,16.4,0,,0,0.8
9117,Spielberg,UNKNOWN TEAM,81,Oscar PIASTRI,70.274,300,17.438,31.84,20.996,SOFT,,16.6,0,,75,1.2
9118,Spielberg,Red Bull Racing,1,Max VERSTAPPEN,67.012,302,17.04,29.896,20.076,SOFT,,22.7,0,,155,0.6
9118,Spielberg,Red Bull Racing,11,Sergio PEREZ,68.111,301,17.268,30.275,20.568,HARD,,22.5,0,,133,1.7
9118,Spielberg,Williams,2,Logan SARGEANT,69.611,302,17.219,31.157,21.235,HARD,,22.3,0,,235,0.6
9118,Spielberg,Williams,23,Alexander ALBON,69.56,299,17.391,31.218,20.951,HARD,,22.6,0,,134,2.0
9118,Spielberg,McLaren,4,Lando NORRIS,68.739,310,17.166,30.84,20.733,HARD,,22.3,0,,42,0.6
9118,Spielberg,McLaren,81,Oscar PIASTRI,69.862,291,17.664,31.127,21.071,MEDIUM,,22.4,0,,353,1.2
9118,Spielberg,Alpine,10,Pierre GASLY,69.046,291,17.476,30.716,20.854,MEDIUM,,22.3,0,,42,0.6
9118,Spielberg,Alpine,31,Esteban OCON,69.797,288,17.688,31.121,20.988,HARD,,22.5,0,,95,1.2
9118,Spielberg,Aston Martin,14,Fernando ALONSO,69.108,295,17.392,30.876,20.84,MEDIUM,,22.5,0,,92,1.5
9118,Spielberg,Aston Martin,18,Lance STROLL,68.463,289,17.387,30.414,20.662,MEDIUM,,22.5,0,,159,1.0
9118,Spielberg,Ferrari,16,Charles LECLERC,68.82,299,17.445,30.631,20.744,HARD,,22.5,0,,95,1.2
9118,Spielberg,Ferrari,55,Carlos SAINZ,68.88,293,17.397,30.687,20.796,HARD,,22.5,0,,93,1.6
9118,Spielberg,Haas F1 Team,20,Kevin MAGNUSSEN,70.176,292,17.697,31.241,21.238,HARD,,22.5,0,,9,1.1
9118,Spielberg,Haas F1 Team,27,Nico HULKENBERG,71.066,309,17.307,31.986,21.773,MEDIUM,,23.0,0,,103,0.8
9118,Spielberg,AlphaTauri,21,Nyck DE VRIES,69.852,311,17.327,31.247,21.278,MEDIUM,,22.4,0,,353,1.2
9118,Spielberg,AlphaTauri,22,Yuki TSUNODA,69.62,295,17.494,30.934,21.192,MEDIUM,,22.3,0,,235,0.6
9118,Spielberg,Alfa Romeo,24,ZHOU Guanyu,69.786,295,17.58,31.207,20.999,HARD,,22.4,0,,353,1.2
9118,Spielberg,Alfa Romeo,77,Valtteri BOTTAS,69.94,313,17.212,31.495,21.233,HARD,,22.5,0,,93,1.6
9118,Spielberg,Mercedes,44,Lewis HAMILTON,69.16,292,17.426,30.928,20.806,MEDIUM,,22.3,0,,42,0.6
9118,Spielberg,Mercedes,63,George RUSSELL,69.283,295,17.456,30.943,20.884,MEDIUM,,22.4,0,,82,1.2
9126,Silverstone,UNKNOWN TEAM,1,Max VERSTAPPEN,90.275,293,29.078,36.353,24.844,SOFT,,21.2,0,,192,1.0
9126,Silverstone,UNKNOWN TEAM,2,Logan SARGEANT,91.699,332,29.225,37.298,25.176,SOFT,,21.2,0,,192,1.0
9126,Silverstone,UNKNOWN TEAM,4,Lando NORRIS,90.543,304,29.252,36.383,24.908,HARD,,21.3,0,,200,1.7
9126,Silverstone,UNKNOWN TEAM,10,Pierre GASLY,91.539,318,29.165,37.137,25.237,SOFT,,21.2,0,,192,1.0
9126,Silverstone,UNKNOWN TEAM,11,Sergio PEREZ,90.914,296,29.181,36.719,25.014,SOFT,,21.6,0,,182,4.0
9126,Silverstone,UNKNOWN TEAM,14,Fernando ALONSO,91.338,318,29.103,36.926,25.309,SOFT,,21.5,0,,229,2.4
9126,Silverstone,UNKNOWN TEAM,16,Charles LECLERC,91.255,325,28.991,37.084,25.18,MEDIUM,,21.5,0,,229,2.4
9126,Silverstone,UNKNOWN TEAM,18,Lance STROLL,91.508,333,29.197,37.138,25.173,SOFT,,21.2,0,,192,1.0
9126,Silverstone,UNKNOWN TEAM,20,Kevin MAGNUSSEN,93.356,295,29.956,37.772,25.628,MEDIUM,,20.9,0,,175,2.5
9126,Silverstone,UNKNOWN TEAM,21,Nyck DE VRIES,92.353,304,29.401,37.386,25.566,SOFT,,21.5,0,,229,2.4
9126,Silverstone,UNKNOWN TEAM,22,Yuki TSUNODA,92.084,309,29.292,37.265,25.527,SOFT,,21.5,0,,229,2.4
9126,Silverstone,UNKNOWN TEAM,23,Alexander ALBON,91.273,330,28.927,37.203,25.143,SOFT,,21.0,0,,230,1.5
9126,Silverstone,UNKNOWN TEAM,24,ZHOU Guanyu,91.769,317,29.139,37.142,25.488,SOFT,,21.5,0,,229,2.4
9126,Silverstone,UNKNOWN TEAM,27,Nico HULKENBERG,91.776,328,29.323,37.003,25.45,SOFT,,21.8,0,,188,3.5
9126,Silverstone,UNKNOWN TEAM,31,Esteban OCON,93.846,294,29.906,37.765,26.175,SOFT,,21.4,0,,185,3.4
9126,Silverstone,UNKNOWN TEAM,44,Lewis HAMILTON,90.545,323,28.901,36.635,25.009,SOFT,,21.3,0,,200,1.7
9126,Silverstone,UNKNOWN TEAM,55,Carlos SAINZ,91.366,311,29.054,36.985,25.327,HARD,,21.6,0,,182,4.0
9126,Silverstone,UNKNOWN TEAM,63,George RUSSELL,91.124,324,29.144,36.929,25.051,MEDIUM,,21.0,0,,230,1.5
9126,Silverstone,UNKNOWN TEAM,77,Valtteri BOTTAS,91.852,307,29.345,37.127,25.38,SOFT,,21.8,0,,188,3.5
9126,Silverstone,UNKNOWN TEAM,81,Oscar PIASTRI,90.85,308,29.043,36.68,25.127,HARD,,21.0,0,,230,1.5
9133,Hungaroring,UNKNOWN TEAM,1,Max VERSTAPPEN,80.504,291,29.265,28.662,22.577,MEDIUM,,29.2,0,,130,2.4
9133,Hungaroring,UNKNOWN TEAM,2,Logan SARGEANT,83.496,291,30.092,29.881,23.523,HARD,,29.2,0,,108,2.4
9133,Hungaroring,UNKNOWN TEAM,3,Daniel RICCIARDO,83.934,289,30.126,29.981,23.827,MEDIUM,,29.3,0,,345,1.7
9133,Hungaroring,UNKNOWN TEAM,4,Lando NORRIS,82.178,305,29.674,29.303,23.201,MEDIUM,,29.1,0,,146,1.1
9133,Hungaroring,UNKNOWN TEAM,10,Pierre GASLY,,,,,,,,,,,,
9133,Hungaroring,UNKNOWN TEAM,11,Sergio PEREZ,82.295,292,29.842,29.408,23.045,MEDIUM,,29.2,0,,130,2.4
9133,Hungaroring,UNKNOWN TEAM,14,Fernando ALONSO,82.745,,30.027,29.323,23.395,HARD,,29.0,0,,17,1.7
9133,Hungaroring,UNKNOWN TEAM,16,Charles LECLERC,82.469,292,29.862,29.123,23.484,HARD,,29.1,0,,146,1.1
9133,Hungaroring,UNKNOWN TEAM,18,Lance STROLL,83.425,,29.934,29.796,23.695,HARD,,29.4,0,,81,1.7
9133,Hungaroring,UNKNOWN TEAM,20,Kevin MAGNUSSEN,83.864,293,30.183,29.949,23.732,HARD,,29.4,0,,55,2.0
9133,Hungaroring,UNKNOWN TEAM,22,Yuki TSUNODA,83.269,289,30.036,29.774,23.459,MEDIUM,,29.3,0,,0,0.4
9133,Hungaroring,UNKNOWN TEAM,23,Alexander ALBON,84.051,,30.182,30.241,23.628,HARD,,29.4,0,,81,1.7
9133,Hungaroring,UNKNOWN TEAM,24,ZHOU Guanyu,83.743,284,30.12,30.084,23.539,HARD,,29.0,0,,183,1.5
9133,Hungaroring,UNKNOWN TEAM,27,Nico HULKENBERG,83.573,307,29.766,30.201,23.606,HARD,,29.3,0,,91,2.0
9133,Hungaroring,UNKNOWN TEAM,31,Esteban OCON,101.181,275,32.666,38.194,30.321,MEDIUM,,28.8,0,,201,0.8
9133,Hungaroring,UNKNOWN TEAM,44,Lewis HAMILTON,81.601,,29.694,29.013,22.894,MEDIUM,,29.4,0,,81,1.7
9133,Hungaroring,UNKNOWN TEAM,55,Carlos SAINZ,82.584,,29.763,29.43,23.391,HARD,,29.4,0,,81,1.7
9133,Hungaroring,UNKNOWN TEAM,63,George RUSSELL,82.158,288,29.668,29.435,23.055,MEDIUM,,29.2,0,,72,1.3
9133,Hungaroring,UNKNOWN TEAM,77,Valtteri BOTTAS,83.651,291,29.823,30.312,23.516,HARD,,29.3,0,,91,2.0
9133,Hungaroring,UNKNOWN TEAM,81,Oscar PIASTRI,82.736,303,29.916,29.448,23.372,MEDIUM,,29.0,0,,351,1.7
9140,Spa-Francorchamps,UNKNOWN TEAM,1,Max VERSTAPPEN,118.943,301,33.167,53.887,31.889,INTERMEDIATE,,18.9,0,,167,1.6
9140,Spa-Francorchamps,UNKNOWN TEAM,2,Logan SARGEANT,,,,,,,,,,,,
9140,Spa-Francorchamps,UNKNOWN TEAM,3,Daniel RICCIARDO,,,,,,,,,,,,
9140,Spa-Francorchamps,UNKNOWN TEAM,4,Lando NORRIS,,,,,,,,,,,,
9140,Spa-Francorchamps,UNKNOWN TEAM,10,Pierre GASLY,,,,,,,,,,,,
9140,Spa-Francorchamps,UNKNOWN TEAM,11,Sergio PEREZ,,,,,,,,,,,,
9140,Spa-Francorchamps,UNKNOWN TEAM,14,Fernando ALONSO,,,,,,,,,,,,
9140,Spa-Francorchamps,UNKNOWN TEAM,16,Charles LECLERC,,,,,,,,,,,,
9140,Spa-Francorchamps,UNKNOWN TEAM,18,Lance STROLL,,,,,,,,,,,,
9140,Spa-Francorchamps,UNKNOWN TEAM,20,Kevin MAGNUSSEN,,,,,,,,,,,,
9140,Spa-Francorchamps,UNKNOWN TEAM,22,Yuki TSUNODA,,,,,,,,,,,,
9140,Spa-Francorchamps,UNKNOWN TEAM,23,Alexander ALBON,,,,,,,,,,,,
9140,Spa-Francorchamps,UNKNOWN TEAM,24,ZHOU Guanyu,,,,,,,,,,,,
9140,Spa-Francorchamps,UNKNOWN TEAM,27,Nico HULKENBERG,,,,,,,,,,,,
9140,Spa-Francorchamps,UNKNOWN TEAM,31,Esteban OCON,,,,,,,,,,,,
9140,Spa-Francorchamps,UNKNOWN TEAM,44,Lewis HAMILTON,,,,,,,,,,,,
9140,Spa-Francorchamps,UNKNOWN TEAM,55,Carlos SAINZ,,,,,,,,,,,,
9140,Spa-Francorchamps,UNKNOWN TEAM,63,George RUSSELL,,,,,,,,,,,,
9140,Spa-Francorchamps,UNKNOWN TEAM,77,Valtteri BOTTAS,,,,,,,,,,,,
9140,Spa-Francorchamps,UNKNOWN TEAM,81,Oscar PIASTRI,,,,,,,,,,,,
9141,Spa-Francorchamps,UNKNOWN TEAM,1,Max VERSTAPPEN,108.922,291,32.354,47.017,29.551,SOFT,,18.0,0,,178,1.7
9141,Spa-Francorchamps,UNKNOWN TEAM,2,Logan SARGEANT,110.236,314,31.517,48.999,29.72,SOFT,,18.8,0,,43,1.7
9141,Spa-Francorchamps,UNKNOWN TEAM,3,Daniel RICCIARDO,110.994,306,31.555,49.417,30.022,MEDIUM,,17.0,0,,96,1.5
9141,Spa-Francorchamps,UNKNOWN TEAM,4,Lando NORRIS,111.682,,32.646,48.514,30.522,SOFT,,16.8,0,,71,1.7
9141,Spa-Francorchamps,UNKNOWN TEAM,10,Pierre GASLY,110.911,313,31.531,49.432,29.948,MEDIUM,,17.0,0,,96,1.5
9141,Spa-Francorchamps,UNKNOWN TEAM,11,Sergio PEREZ,110.308,300,32.372,48.099,29.837,SOFT,,17.6,0,,146,1.1
9141,Spa-Francorchamps,UNKNOWN TEAM,14,Fernando ALONSO,110.938,307,32.393,48.452,30.093,SOFT,,19.0,0,,89,1.5
9141,Spa-Francorchamps,UNKNOWN TEAM,16,Charles LECLERC,110.436,307,32.085,48.292,30.059,SOFT,,17.6,0,,171,1.8
9141,Spa-Francorchamps,UNKNOWN TEAM,18,Lance STROLL,111.297,305,32.307,48.728,30.262,SOFT,,16.8,0,,71,1.7
9141,Spa-Francorchamps,UNKNOWN TEAM,20,Kevin MAGNUSSEN,110.993,311,31.828,49.06,30.105,MEDIUM,,16.9,0,,211,1.0
9141,Spa-Francorchamps,UNKNOWN TEAM,22,Yuki TSUNODA,111.394,309,32.049,49.438,29.907,SOFT,,16.8,0,,71,1.7
9141,Spa-Francorchamps,UNKNOWN TEAM,23,Alexander ALBON,109.841,315,31.392,48.936,29.513,SOFT,,18.4,0,,79,0.8
9141,Spa-Francorchamps,UNKNOWN TEAM,24,ZHOU Guanyu,110.188,312,31.806,48.488,29.894,SOFT,,16.9,0,,211,1.0
9141,Spa-Francorchamps,UNKNOWN TEAM,27,Nico HULKENBERG,109.907,317,31.307,48.733,29.867,SOFT,,16.8,0,,71,1.7
9141,Spa-Francorchamps,UNKNOWN TEAM,31,Esteban OCON,110.439,311,31.83,48.604,30.005,SOFT,,16.9,0,,211,1.0
9141,Spa-Francorchamps,UNKNOWN TEAM,44,Lewis HAMILTON,107.305,309,31.545,46.47,29.29,MEDIUM,,18.8,0,,156,1.2
9141,Spa-Francorchamps,UNKNOWN TEAM,55,Carlos SAINZ,113.138,309,32.045,50.712,30.381,MEDIUM,,18.1,0,,311,2.2
9141,Spa-Francorchamps,UNKNOWN TEAM,63,George RUSSELL,110.603,313,31.702,48.758,30.143,SOFT,,17.0,0,,96,1.5
9141,Spa-Francorchamps,UNKNOWN TEAM,77,Valtteri BOTTAS,110.515,307,32.125,48.406,29.984,MEDIUM,,16.8,0,,71,1.7
9141,Spa-Francorchamps,UNKNOWN TEAM,81,Oscar PIASTRI,,,,,,,,,,,,
9149,Zandvoort,Red Bull Racing,1,Max VERSTAPPEN,73.889,303,25.495,26.078,22.316,SOFT,,17.1,0,,170,3.7
9149,Zandvoort,Red Bull Racing,11,Sergio PEREZ,74.231,,25.463,26.255,22.513,SOFT,,17.1,0,,190,3.7
9149,Zandvoort,Williams,2,Logan SARGEANT,77.399,298,26.12,27.446,23.833,SOFT,,16.5,1,,183,1.7
9149,Zandvoort,Williams,23,Alexander ALBON,74.468,307,25.552,26.816,22.1,MEDIUM,,17.3,0,,189,3.2
9149,Zandvoort,McLaren,4,Lando NORRIS,74.39,288,25.701,26.548,22.141,SOFT,,17.7,0,,199,3.2
9149,Zandvoort,McLaren,81,Oscar PIASTRI,74.299,303,25.392,26.446,22.461,MEDIUM,,17.3,0,,192,2.9
9149,Zandvoort,Alpine,10,Pierre GASLY,74.441,302,25.71,26.486,22.245,SOFT,,17.3,0,,189,3.2
9149,Zandvoort,Alpine,31,Esteban OCON,74.57,,25.609,26.332,22.629,SOFT,,17.6,0,,193,3.2
9149,Zandvoort,Aston Martin,14,Fernando ALONSO,73.837,302,25.179,26.334,22.324,SOFT,,17.2,0,,191,2.5
9149,Zandvoort,Aston Martin,18,Lance STROLL,75.171,286,25.947,26.502,22.722,SOFT,,16.9,0,,179,2.5
9149,Zandvoort,Ferrari,16,Charles LECLERC,77.277,301,26.486,27.704,23.087,SOFT,,16.9,0,,170,2.5
9149,Zandvoort,Ferrari,55,Carlos SAINZ,74.934,,25.59,26.894,22.45,SOFT,,17.3,0,,192,2.9
9149,Zandvoort,Haas F1 Team,20,Kevin MAGNUSSEN,75.489,297,26.171,26.489,22.829,MEDIUM,,16.9,0,,179,2.5
9149,Zandvoort,Haas F1 Team,27,Nico HULKENBERG,74.472,,25.502,26.475,22.495,SOFT,,17.3,0,,197,2.7
9149,Zandvoort,AlphaTauri,22,Yuki TSUNODA,76.253,295,26.362,26.919,22.972,SOFT,,16.8,0,,166,3.7
9149,Zandvoort,AlphaTauri,40,Liam LAWSON,74.82,295,25.969,26.189,22.662,SOFT,,17.7,0,,196,3.2
9149,Zandvoort,Alfa Romeo,24,ZHOU Guanyu,75.417,290,25.998,26.416,23.003,SOFT,,16.9,0,,157,2.7
9149,Zandvoort,Alfa Romeo,77,Valtteri BOTTAS,74.698,291,25.72,26.306,22.672,SOFT,,17.7,0,,196,3.2
9149,Zandvoort,Mercedes,44,Lewis HAMILTON,73.904,324,25.26,26.466,22.178,SOFT,,17.1,0,,180,3.0
9149,Zandvoort,Mercedes,63,George RUSSELL,75.124,,25.706,26.742,22.676,HARD,,17.3,0,,192,2.9
9157,Monza,UNKNOWN TEAM,1,Max VERSTAPPEN,85.24,311,28.057,29.201,27.982,HARD,,29.9,0,,174,1.1
9157,Monza,UNKNOWN TEAM,2,Logan SARGEANT,86.84,318,28.303,29.751,28.786,HARD,,30.0,0,,178,1.7
9157,Monza,UNKNOWN TEAM,4,Lando NORRIS,86.144,331,28.37,29.458,28.316,HARD,,29.9,0,,179,2.0
9157,Monza,UNKNOWN TEAM,10,Pierre GASLY,85.758,316,28.058,29.469,28.231,MEDIUM,,30.0,0,,334,0.8
9157,Monza,UNKNOWN TEAM,11,Sergio PEREZ,85.522,320,28.005,29.53,27.987,HARD,,30.0,0,,145,1.1
9157,Monza,UNKNOWN TEAM,14,Fernando ALONSO,86.105,326,28.036,29.833,28.236,HARD,,30.2,0,,168,1.6
9157,Monza,UNKNOWN TEAM,16,Charles LECLERC,85.58,332,27.994,29.492,28.094,HARD,,30.1,0,,171,1.5
9157,Monza,UNKNOWN TEAM,18,Lance STROLL,86.617,324,27.983,29.98,28.654,HARD,,29.8,0,,193,1.3
9157,Monza,UNKNOWN TEAM,20,Kevin MAGNUSSEN,86.278,322,28.185,29.475,28.618,MEDIUM,,30.2,0,,168,1.6
9157,Monza,UNKNOWN TEAM,22,Yuki TSUNODA,,,,,,,,,,,,
9157,Monza,UNKNOWN TEAM,23,Alexander ALBON,86.389,318,28.232,29.706,28.451,HARD,,29.8,0,,242,1.3
9157,Monza,UNKNOWN TEAM,24,ZHOU Guanyu,85.983,316,27.928,29.6,28.455,MEDIUM,,29.8,0,,139,1.8
9157,Monza,UNKNOWN TEAM,27,Nico HULKENBERG,85.894,,28.274,29.497,28.123,MEDIUM,,30.0,0,,161,1.7
9157,Monza,UNKNOWN TEAM,31,Esteban OCON,86.963,344,28.305,29.946,28.712,HARD,,29.8,0,,242,1.3
9157,Monza,UNKNOWN TEAM,40,Liam LAWSON,85.842,317,27.952,29.416,28.474,MEDIUM,,30.0,0,,334,0.8
9157,Monza,UNKNOWN TEAM,44,Lewis HAMILTON,85.582,345,27.731,29.45,28.401,MEDIUM,,29.9,0,,163,1.0
9157,Monza,UNKNOWN TEAM,55,Carlos SAINZ,85.501,,28.096,29.328,28.077,HARD,,29.7,0,,317,0.8
9157,Monza,UNKNOWN TEAM,63,George RUSSELL,85.847,319,28.065,29.545,28.237,HARD,,30.0,0,,186,1.6
9157,Monza,UNKNOWN TEAM,77,Valtteri BOTTAS,85.988,313,28.023,29.536,28.429,MEDIUM,,29.9,0,,228,1.0
9157,Monza,UNKNOWN TEAM,81,Oscar PIASTRI,85.072,317,28.06,29.174,27.838,MEDIUM,,30.1,0,,144,1.6
9165,Singapore,Red Bull Racing,1,Max VERSTAPPEN,96.575,,28.434,41.086,27.055,MEDIUM,,29.5,0,,168,1.7
9165,Singapore,Red Bull Racing,11,Sergio PEREZ,97.108,286,28.694,41.344,27.07,MEDIUM,,29.5,0,,171,1.7
9165,Singapore,Williams,2,Logan SARGEANT,98.531,288,28.806,41.953,27.772,MEDIUM,,29.6,0,,174,2.5
9165,Singapore,Williams,23,Alexander ALBON,97.342,287,28.549,41.519,27.274,MEDIUM,,29.6,0,,163,2.4
9165,Singapore,McLaren,4,Lando NORRIS,98.046,288,28.63,41.946,27.47,HARD,,29.6,0,,174,2.5
9165,Singapore,McLaren,81,Oscar PIASTRI,98.492,287,28.878,42.07,27.544,HARD,,29.6,0,,163,2.4
9165,Singapore,Alpine,10,Pierre GASLY,98.277,280,28.779,41.942,27.556,HARD,,29.6,0,,174,2.5
9165,Singapore,Alpine,31,Esteban OCON,99.93,,28.957,43.029,27.944,HARD,,30.0,0,,168,1.5
9165,Singapore,Aston Martin,14,Fernando ALONSO,96.456,287,28.406,41.067,26.983,SOFT,,29.5,0,,181,2.2
9165,Singapore,Ferrari,16,Charles LECLERC,98.275,286,28.631,42.111,27.533,HARD,,29.6,0,,174,2.5
9165,Singapore,Ferrari,55,Carlos SAINZ,97.666,,28.676,41.569,27.421,HARD,,29.5,0,,168,2.2
9165,Singapore,Haas F1 Team,20,Kevin MAGNUSSEN,98.107,286,28.655,41.834,27.618,SOFT,,29.5,0,,173,1.6
9165,Singapore,Haas F1 Team,27,Nico HULKENBERG,99.923,285,29.103,42.925,27.895,HARD,,29.6,0,,134,1.8
9165,Singapore,AlphaTauri,22,Yuki TSUNODA,,,,,,,,,,,,
9165,Singapore,AlphaTauri,40,Liam LAWSON,99.028,282,28.975,42.289,27.764,HARD,,29.5,0,,168,2.2
9165,Singapore,Alfa Romeo,24,ZHOU Guanyu,99.316,285,29.069,42.329,27.918,MEDIUM,,29.6,0,,163,2.4
9165,Singapore,Alfa Romeo,77,Valtteri BOTTAS,98.075,280,28.693,41.797,27.585,MEDIUM,,29.6,0,,156,1.8
9165,Singapore,Mercedes,44,Lewis HAMILTON,95.867,282,28.21,40.658,26.999,MEDIUM,,29.5,0,,168,2.2
9165,Singapore,Mercedes,63,George RUSSELL,96.273,284,28.276,40.83,27.167,MEDIUM,,29.6,0,,174,2.5
9173,Suzuka,Red Bull Racing,1,Max VERSTAPPEN,94.183,297,33.72,42.118,18.345,HARD,,27.3,0,,115,1.5
9173,Suzuka,Red Bull Racing,11,Sergio PEREZ,99.704,301,35.974,44.497,19.233,HARD,,27.1,0,,106,1.2
9173,Suzuka,Williams,2,Logan SARGEANT,98.848,294,35.655,44.089,19.104,MEDIUM,,27.1,0,,79,1.3
9173,Suzuka,Williams,23,Alexander ALBON,99.185,288,36.027,44.128,19.03,SOFT,,27.2,0,,87,1.6
9173,Suzuka,McLaren,4,Lando NORRIS,95.247,297,34.269,42.423,18.555,HARD,,27.3,0,,157,1.7
9173,Suzuka,McLaren,81,Oscar PIASTRI,96.328,301,34.707,42.967,18.654,HARD,,27.3,0,,297,0.6
9173,Suzuka,Alpine,10,Pierre GASLY,96.371,300,34.663,43.062,18.646,HARD,,27.3,0,,69,1.0
9173,Suzuka,Alpine,31,Esteban OCON,97.398,300,35.053,43.503,18.842,HARD,,27.3,0,,72,1.2
9173,Suzuka,Aston Martin,14,Fernando ALONSO,97.203,301,35.31,42.991,18.902,HARD,,27.3,0,,161,1.0
9173,Suzuka,Aston Martin,18,Lance STROLL,99.05,308,35.862,44.033,19.155,MEDIUM,,27.2,0,,308,1.1
9173,Suzuka,Ferrari,16,Charles LECLERC,96.362,302,34.761,42.921,18.68,HARD,,27.3,0,,157,1.7
9173,Suzuka,Ferrari,55,Carlos SAINZ,96.187,296,34.768,42.779,18.64,HARD,,27.3,0,,157,1.7
9173,Suzuka,Haas F1 Team,20,Kevin MAGNUSSEN,97.842,299,35.495,43.528,18.819,HARD,,27.3,0,,110,1.0
9173,Suzuka,Haas F1 Team,27,Nico HULKENBERG,97.25,297,35.091,43.363,18.796,MEDIUM,,27.1,0,,117,1.8
9173,Suzuka,AlphaTauri,22,Yuki TSUNODA,97.768,298,35.446,43.431,18.891,HARD,,27.3,0,,69,1.0
9173,Suzuka,AlphaTauri,40,Liam LAWSON,98.267,291,35.55,43.726,18.991,HARD,,27.2,0,,102,1.1
9173,Suzuka,Alfa Romeo,24,ZHOU Guanyu,97.791,294,35.122,43.623,19.046,HARD,,27.1,0,,142,2.4
9173,Suzuka,Alfa Romeo,77,Valtteri BOTTAS,106.852,250,37.907,45.889,23.056,SOFT,,27.2,0,,130,3.0
9173,Suzuka,Mercedes,44,Lewis HAMILTON,95.611,299,34.391,42.705,18.515,HARD,,27.2,0,,64,1.0
9173,Suzuka,Mercedes,63,George RUSSELL,97.653,290,35.505,43.289,18.859,HARD,,27.4,0,,131,0.8
9220,Lusail,UNKNOWN TEAM,1,Max VERSTAPPEN,85.604,301,31.66,28.855,25.089,MEDIUM,,31.4,0,,298,0.8
9220,Lusail,UNKNOWN TEAM,2,Logan SARGEANT,,,,,,,,,,,,
9220,Lusail,UNKNOWN TEAM,4,Lando NORRIS,85.662,329,31.283,29.188,25.191,MEDIUM,,31.4,0,,311,1.2
9220,Lusail,UNKNOWN TEAM,10,Pierre GASLY,88.769,306,32.861,29.901,26.007,SOFT,,31.4,0,,150,1.3
9220,Lusail,UNKNOWN TEAM,11,Sergio PEREZ,88.584,339,32.726,29.811,26.047,MEDIUM,,31.5,0,,293,1.2
9220,Lusail,UNKNOWN TEAM,14,Fernando ALONSO,88.717,307,32.68,30.183,25.854,SOFT,,31.4,0,,150,1.3
9220,Lusail,UNKNOWN TEAM,16,Charles LECLERC,88.759,305,32.759,29.78,26.22,SOFT,,31.6,0,,150,1.1
9220,Lusail,UNKNOWN TEAM,18,Lance STROLL,89.536,331,33.076,30.315,26.145,SOFT,,31.4,0,,298,0.8
9220,Lusail,UNKNOWN TEAM,20,Kevin MAGNUSSEN,89.56,334,32.906,30.464,26.19,SOFT,,31.4,0,,298,0.8
9220,Lusail,UNKNOWN TEAM,22,Yuki TSUNODA,89.381,330,33.245,30.039,26.097,MEDIUM,,31.4,0,,298,0.8
9220,Lusail,UNKNOWN TEAM,23,Alexander ALBON,88.717,310,32.881,30.015,25.821,MEDIUM,,31.4,0,,150,1.3
9220,Lusail,UNKNOWN TEAM,24,ZHOU Guanyu,89.553,329,33.082,30.278,26.193,SOFT,,31.4,0,,298,0.8
9220,Lusail,UNKNOWN TEAM,27,Nico HULKENBERG,89.307,329,32.741,30.185,26.381,MEDIUM,,31.5,0,,293,1.2
9220,Lusail,UNKNOWN TEAM,31,Esteban OCON,89.388,294,33.271,29.831,26.286,SOFT,,31.6,0,,150,1.1
9220,Lusail,UNKNOWN TEAM,40,Liam LAWSON,,,,,,,,,,,,
9220,Lusail,UNKNOWN TEAM,44,Lewis HAMILTON,87.968,329,32.621,29.502,25.845,MEDIUM,,31.4,0,,311,1.2
9220,Lusail,UNKNOWN TEAM,55,Carlos SAINZ,88.644,302,33.137,29.707,25.8,SOFT,,31.6,0,,348,0.6
9220,Lusail,UNKNOWN TEAM,63,George RUSSELL,87.22,299,32.32,29.434,25.466,SOFT,,31.3,0,,165,1.0
9220,Lusail,UNKNOWN TEAM,77,Valtteri BOTTAS,89.017,300,32.995,29.884,26.138,MEDIUM,,31.4,0,,298,0.8
9220,Lusail,UNKNOWN TEAM,81,Oscar PIASTRI,85.926,297,31.846,28.888,25.192,MEDIUM,,31.4,0,,298,0.8
9221,Lusail,Red Bull Racing,1,Max VERSTAPPEN,84.319,327,30.765,28.669,24.885,MEDIUM,,30.9,0,,143,0.0
9221,Lusail,Red Bull Racing,11,Sergio PEREZ,86.22,,31.755,29.085,25.38,MEDIUM,,31.0,0,,0,1.3
9221,Lusail,Williams,2,Logan SARGEANT,87.983,310,32.376,29.838,25.769,HARD,,31.4,0,,200,0.5
9221,Lusail,Williams,23,Alexander ALBON,86.666,,31.873,29.331,25.462,HARD,,30.9,0,,102,0.6
9221,Lusail,McLaren,4,Lando NORRIS,84.842,308,31.356,28.716,24.77,HARD,,31.0,0,,80,1.3
9221,Lusail,McLaren,81,Oscar PIASTRI,84.921,307,31.204,28.739,24.978,HARD,,31.0,0,,161,1.3
9221,Lusail,Alpine,10,Pierre GASLY,85.793,329,31.823,28.847,25.123,MEDIUM,,30.9,0,,143,0.0
9221,Lusail,Alpine,31,Esteban OCON,86.45,292,31.951,29.173,25.326,HARD,,31.2,0,,195,0.6
9221,Lusail,Aston Martin,14,Fernando ALONSO,86.045,,31.631,29.0,25.414,MEDIUM,,30.9,0,,50,0.6
9221,Lusail,Aston Martin,18,Lance STROLL,86.352,,31.983,29.099,25.27,MEDIUM,,30.9,0,,143,0.0
9221,Lusail,Ferrari,16,Charles LECLERC,84.992,306,31.409,28.749,24.834,MEDIUM,,30.9,0,,50,0.6
9221,Lusail,Ferrari,55,Carlos SAINZ,,,,,,,,,,,,
9221,Lusail,Haas F1 Team,20,Kevin MAGNUSSEN,87.067,323,31.866,29.35,25.851,HARD,,31.0,0,,80,1.3
9221,Lusail,Haas F1 Team,27,Nico HULKENBERG,86.444,303,31.914,29.276,25.254,HARD,,30.9,0,,50,0.6
9221,Lusail,AlphaTauri,22,Yuki TSUNODA,87.174,307,32.376,29.329,25.469,HARD,,30.9,0,,143,0.0
9221,Lusail,AlphaTauri,40,Liam LAWSON,87.113,295,32.368,29.195,25.55,MEDIUM,,31.0,0,,84,0.8
9221,Lusail,Alfa Romeo,24,ZHOU Guanyu,86.323,300,31.842,29.057,25.424,SOFT,,31.0,0,,152,1.2
9221,Lusail,Alfa Romeo,77,Valtteri BOTTAS,86.652,295,31.925,29.035,25.692,HARD,,31.0,0,,152,1.2
9221,Lusail,Mercedes,44,Lewis HAMILTON,,,,,,,,,,,,
9221,Lusail,Mercedes,63,George RUSSELL,85.77,324,31.446,28.765,25.559,HARD,,31.3,0,,172,0.8
9212,Austin,UNKNOWN TEAM,1,Max VERSTAPPEN,99.06,290,27.08,39.842,32.138,MEDIUM,,33.0,0,,95,2.5
9212,Austin,UNKNOWN TEAM,2,Logan SARGEANT,101.947,314,27.491,40.749,33.707,MEDIUM,,33.2,0,,88,2.7
9212,Austin,UNKNOWN TEAM,3,Daniel RICCIARDO,100.434,292,26.794,40.615,33.025,MEDIUM,,33.1,0,,98,2.0
9212,Austin,UNKNOWN TEAM,4,Lando NORRIS,99.795,296,26.877,40.231,32.687,MEDIUM,,33.1,0,,105,2.2
9212,Austin,UNKNOWN TEAM,10,Pierre GASLY,100.155,294,26.896,40.387,32.872,MEDIUM,,33.1,0,,96,2.2
9212,Austin,UNKNOWN TEAM,11,Sergio PEREZ,99.824,298,26.887,40.124,32.813,MEDIUM,,33.2,0,,88,2.7
9212,Austin,UNKNOWN TEAM,14,Fernando ALONSO,100.805,305,26.868,40.588,33.349,MEDIUM,,33.1,0,,86,2.2
9212,Austin,UNKNOWN TEAM,16,Charles LECLERC,99.634,305,27.008,39.851,32.775,MEDIUM,,32.9,0,,94,3.5
9212,Austin,UNKNOWN TEAM,18,Lance STROLL,101.46,335,27.284,40.304,33.872,MEDIUM,,33.1,0,,96,2.2
9212,Austin,UNKNOWN TEAM,20,Kevin MAGNUSSEN,101.699,318,27.506,40.735,33.458,MEDIUM,,33.0,0,,108,3.4
9212,Austin,UNKNOWN TEAM,22,Yuki TSUNODA,100.632,292,27.086,40.639,32.907,MEDIUM,,33.1,0,,95,1.8
9212,Austin,UNKNOWN TEAM,23,Alexander ALBON,100.067,304,26.794,40.279,32.994,MEDIUM,,33.2,0,,53,1.1
9212,Austin,UNKNOWN TEAM,24,ZHOU Guanyu,101.595,299,27.242,41.005,33.348,MEDIUM,,33.2,0,,332,1.2
9212,Austin,UNKNOWN TEAM,27,Nico HULKENBERG,101.232,304,27.129,40.629,33.474,MEDIUM,,33.2,0,,332,1.2
9212,Austin,UNKNOWN TEAM,31,Esteban OCON,101.013,301,27.025,40.725,33.263,MEDIUM,,33.1,0,,105,2.2
9212,Austin,UNKNOWN TEAM,44,Lewis HAMILTON,99.138,307,26.879,39.709,32.55,MEDIUM,,32.9,0,,94,3.5
9212,Austin,UNKNOWN TEAM,55,Carlos SAINZ,100.223,304,26.963,40.27,32.99,SOFT,,33.1,0,,96,2.2
9212,Austin,UNKNOWN TEAM,63,George RUSSELL,100.253,295,27.096,40.352,32.805,MEDIUM,,33.1,0,,92,2.7
9212,Austin,UNKNOWN TEAM,77,Valtteri BOTTAS,101.503,294,27.285,40.827,33.391,MEDIUM,,33.2,0,,332,1.2
9212,Austin,UNKNOWN TEAM,81,Oscar PIASTRI,101.037,296,27.153,40.735,33.149,MEDIUM,,33.1,0,,86,2.2
9213,Austin,Red Bull Racing,1,Max VERSTAPPEN,100.028,290,26.907,40.396,32.725,HARD,,30.3,0,,97,1.7
9213,Austin,Red Bull Racing,11,Sergio PEREZ,99.737,294,27.064,40.091,32.582,HARD,,30.3,0,,97,1.7
9213,Austin,Williams,2,Logan SARGEANT,101.238,321,27.673,40.09,33.475,MEDIUM,,30.5,0,,109,4.9
9213,Austin,Williams,23,Alexander ALBON,101.318,301,27.415,40.573,33.33,MEDIUM,,31.0,0,,99,3.2
9213,Austin,AlphaTauri,3,Daniel RICCIARDO,99.366,299,26.978,40.228,32.16,SOFT,,30.9,0,,96,3.2
9213,Austin,AlphaTauri,22,Yuki TSUNODA,98.139,302,26.546,39.573,32.02,SOFT,,30.8,0,,110,3.2
9213,Austin,McLaren,4,Lando NORRIS,99.985,332,27.063,39.866,33.056,HARD,,30.4,0,,85,4.5
9213,Austin,McLaren,81,Oscar PIASTRI,102.705,298,27.674,40.966,34.065,MEDIUM,,29.9,0,,107,4.0
9213,Austin,Alpine,10,Pierre GASLY,100.412,293,27.283,40.318,32.811,HARD,,30.8,0,,357,1.5
9213,Austin,Alpine,31,Esteban OCON,104.789,298,28.495,41.803,34.491,MEDIUM,,29.8,0,,109,3.0
9213,Austin,Aston Martin,14,Fernando ALONSO,99.954,301,26.964,39.989,33.001,HARD,,30.8,0,,357,1.5
9213,Austin,Aston Martin,18,Lance STROLL,99.908,319,27.109,40.017,32.782,MEDIUM,,31.0,0,,99,3.2
9213,Austin,Ferrari,16,Charles LECLERC,101.025,299,27.135,40.644,33.246,HARD,,30.5,0,,90,5.0
9213,Austin,Ferrari,55,Carlos SAINZ,100.034,300,26.955,40.22,32.859,HARD,,31.0,0,,64,3.9
9213,Austin,Haas F1 Team,20,Kevin MAGNUSSEN,101.506,298,27.416,40.684,33.406,MEDIUM,,30.7,0,,51,1.2
9213,Austin,Haas F1 Team,27,Nico HULKENBERG,100.925,294,26.972,40.569,33.384,MEDIUM,,30.6,0,,93,3.4
9213,Austin,Alfa Romeo,24,ZHOU Guanyu,101.879,293,27.169,41.065,33.645,HARD,,30.9,0,,333,1.2
9213,Austin,Alfa Romeo,77,Valtteri BOTTAS,101.972,296,27.573,40.753,33.646,HARD,,30.8,0,,105,2.5
9213,Austin,Mercedes,44,Lewis HAMILTON,99.582,293,26.9,40.086,32.596,MEDIUM,,30.7,0,,51,1.2
9213,Austin,Mercedes,63,George RUSSELL,99.393,283,26.897,40.277,32.219,MEDIUM,,31.0,0,,99,3.2
9181,Mexico City,Red Bull Racing,1,Max VERSTAPPEN,81.644,,28.909,31.609,21.126,HARD,,26.8,0,,295,2.5
9181,Mexico City,Red Bull Racing,11,Sergio PEREZ,,,,,,,,,,,,
9181,Mexico City,Williams,2,Logan SARGEANT,83.003,325,29.055,32.411,21.537,HARD,,25.8,0,,236,0.8
9181,Mexico City,Williams,23,Alexander ALBON,82.773,329,28.984,32.33,21.459,MEDIUM,,26.4,0,,306,1.7
9181,Mexico City,AlphaTauri,3,Daniel RICCIARDO,82.679,,29.058,32.105,21.516,HARD,,26.4,0,,305,1.8
9181,Mexico City,AlphaTauri,22,Yuki TSUNODA,82.501,322,29.038,32.005,21.458,HARD,,25.3,0,,304,0.6
9181,Mexico City,McLaren,4,Lando NORRIS,81.944,326,28.94,31.796,21.208,MEDIUM,,26.3,0,,306,0.6
9181,Mexico City,McLaren,81,Oscar PIASTRI,82.76,328,28.989,32.209,21.562,MEDIUM,,26.6,0,,301,1.7
9181,Mexico City,Alpine,10,Pierre GASLY,83.23,347,28.953,32.579,21.698,HARD,,26.7,0,,263,2.4
9181,Mexico City,Alpine,31,Esteban OCON,82.976,347,28.722,32.533,21.721,MEDIUM,,26.4,0,,300,1.8
9181,Mexico City,Aston Martin,14,Fernando ALONSO,83.531,341,29.209,32.666,21.656,HARD,,26.8,0,,295,2.5
9181,Mexico City,Aston Martin,18,Lance STROLL,83.257,,29.096,32.541,21.62,HARD,,26.6,0,,316,0.8
9181,Mexico City,Ferrari,16,Charles LECLERC,82.332,324,29.125,32.15,21.057,HARD,,26.4,0,,298,1.2
9181,Mexico City,Ferrari,55,Carlos SAINZ,82.539,330,28.896,32.27,21.373,HARD,,26.5,0,,310,1.8
9181,Mexico City,Haas F1 Team,20,Kevin MAGNUSSEN,83.146,331,29.018,32.558,21.57,HARD,,25.8,0,,292,1.2
9181,Mexico City,Haas F1 Team,27,Nico HULKENBERG,83.222,336,28.828,32.8,21.594,MEDIUM,,26.7,0,,263,2.4
9181,Mexico City,Alfa Romeo,24,ZHOU Guanyu,83.567,330,29.265,32.727,21.575,HARD,,26.6,0,,311,1.8
9181,Mexico City,Alfa Romeo,77,Valtteri BOTTAS,83.166,345,28.841,32.69,21.635,HARD,,26.7,0,,263,2.4
9181,Mexico City,Mercedes,44,Lewis HAMILTON,81.334,323,28.633,31.596,21.105,MEDIUM,,26.3,0,,306,0.6
9181,Mexico City,Mercedes,63,George RUSSELL,82.78,312,29.223,32.172,21.385,MEDIUM,,26.4,0,,298,1.2
9204,Interlagos,Red Bull Racing,1,Max VERSTAPPEN,74.54,,19.478,38.009,17.053,SOFT,,27.4,0,,29,0.8
9204,Interlagos,Red Bull Racing,11,Sergio PEREZ,75.008,287,19.53,38.728,16.75,SOFT,,27.5,0,,37,1.0
9204,Interlagos,Williams,2,Logan SARGEANT,75.496,,19.351,39.091,17.054,MEDIUM,,27.5,0,,36,2.2
9204,Interlagos,Williams,23,Alexander ALBON,75.598,315,19.39,39.367,16.841,SOFT,,27.4,0,,29,0.8
9204,Interlagos,AlphaTauri,3,Daniel RICCIARDO,75.46,300,19.479,38.93,17.051,SOFT,,27.5,0,,37,1.0
9204,Interlagos,AlphaTauri,22,Yuki TSUNODA,75.532,308,19.466,39.23,16.836,SOFT,,27.5,0,,37,1.0
9204,Interlagos,McLaren,4,Lando NORRIS,74.647,285,19.448,38.376,16.823,SOFT,,27.4,0,,29,0.8
9204,Interlagos,McLaren,81,Oscar PIASTRI,75.463,288,19.701,38.74,17.022,SOFT,,27.5,0,,37,1.0
9204,Interlagos,Alpine,10,Pierre GASLY,75.209,302,19.331,38.879,16.999,SOFT,,27.4,0,,29,0.8
9204,Interlagos,Alpine,31,Esteban OCON,75.536,296,19.381,39.193,16.962,SOFT,,27.4,0,,29,0.8
9204,Interlagos,Aston Martin,14,Fernando ALONSO,75.477,321,19.343,38.938,17.196,SOFT,,27.5,0,,36,2.2
9204,Interlagos,Aston Martin,18,Lance STROLL,75.467,300,19.382,39.048,17.037,SOFT,,27.4,0,,29,0.8
9204,Interlagos,Ferrari,16,Charles LECLERC,75.411,303,19.311,39.287,16.813,SOFT,,27.4,0,,29,0.8
9204,Interlagos,Ferrari,55,Carlos SAINZ,75.362,308,19.345,39.194,16.823,SOFT,,27.4,0,,29,0.8
9204,Interlagos,Haas F1 Team,20,Kevin MAGNUSSEN,75.464,302,19.418,39.027,17.019,MEDIUM,,27.4,0,,29,0.8
9204,Interlagos,Haas F1 Team,27,Nico HULKENBERG,75.472,315,19.284,39.062,17.126,MEDIUM,,27.4,0,,29,0.8
9204,Interlagos,Alfa Romeo,24,ZHOU Guanyu,75.837,298,19.363,39.407,17.067,SOFT,,27.4,0,,29,0.8
9204,Interlagos,Alfa Romeo,77,Valtteri BOTTAS,75.738,311,19.349,39.166,17.223,SOFT,,27.4,0,,29,0.8
9204,Interlagos,Mercedes,44,Lewis HAMILTON,75.276,301,19.48,38.631,17.165,SOFT,,27.5,0,,37,1.0
9204,Interlagos,Mercedes,63,George RUSSELL,74.422,301,19.4,38.007,17.015,SOFT,,27.5,0,,37,1.0
9205,Interlagos,Red Bull Racing,1,Max VERSTAPPEN,73.422,302,19.013,37.35,17.059,SOFT,,19.7,0,,175,1.7
9205,Interlagos,Red Bull Racing,11,Sergio PEREZ,74.124,308,18.979,38.054,17.091,SOFT,,20.2,0,,304,1.1
9205,Interlagos,Williams,2,Logan SARGEANT,75.738,291,19.374,38.861,17.503,SOFT,,20.3,0,,181,1.5
9205,Interlagos,Williams,23,Alexander ALBON,,,,,,,,,,,,
9205,Interlagos,AlphaTauri,3,Daniel RICCIARDO,73.866,306,19.034,37.703,17.129,SOFT,,19.6,0,,152,1.5
9205,Interlagos,AlphaTauri,22,Yuki TSUNODA,74.231,303,19.075,37.813,17.343,SOFT,,19.8,0,,132,0.6
9205,Interlagos,McLaren,4,Lando NORRIS,72.486,301,18.84,36.731,16.915,SOFT,,19.8,0,,177,1.2
9205,Interlagos,McLaren,81,Oscar PIASTRI,74.31,297,19.239,37.796,17.275,SOFT,,19.7,0,,175,1.7
9205,Interlagos,Alpine,10,Pierre GASLY,74.521,299,19.161,38.402,16.958,SOFT,,20.3,0,,213,1.6
9205,Interlagos,Alpine,31,Esteban OCON,74.206,298,19.112,38.174,16.92,SOFT,,20.3,0,,183,0.6
9205,Interlagos,Aston Martin,14,Fernando ALONSO,74.442,,19.235,37.979,17.228,SOFT,,20.3,0,,183,0.6
9205,Interlagos,Aston Martin,18,Lance STROLL,74.007,293,19.106,37.834,17.067,SOFT,,19.7,0,,175,1.7
9205,Interlagos,Ferrari,16,Charles LECLERC,,,,,,,,,,,,
9205,Interlagos,Ferrari,55,Carlos SAINZ,74.406,301,19.203,37.929,17.274,SOFT,,19.9,0,,200,0.8
9205,Interlagos,Haas F1 Team,20,Kevin MAGNUSSEN,,,,,,,,,,,,
9205,Interlagos,Haas F1 Team,27,Nico HULKENBERG,75.036,297,19.281,38.344,17.411,SOFT,,19.8,0,,159,1.3
9205,Interlagos,Alfa Romeo,24,ZHOU Guanyu,76.232,294,19.873,38.707,17.652,MEDIUM,,20.9,0,,176,2.2
9205,Interlagos,Alfa Romeo,77,Valtteri BOTTAS,75.731,315,19.32,38.836,17.575,MEDIUM,,20.8,0,,166,0.8
9205,Interlagos,Mercedes,44,Lewis HAMILTON,74.739,288,19.11,38.291,17.338,SOFT,,19.9,0,,200,0.8
9205,Interlagos,Mercedes,63,George RUSSELL,74.934,295,19.301,38.22,17.413,SOFT,,20.2,0,,304,1.1
9189,Las Vegas,Red Bull Racing,1,Max VERSTAPPEN,95.614,311,27.135,31.801,36.678,HARD,,18.1,0,,258,2.2
9189,Las Vegas,Red Bull Racing,11,Sergio PEREZ,95.939,310,27.372,32.048,36.519,HARD,,18.1,0,,220,1.7
9189,Las Vegas,Williams,2,Logan SARGEANT,97.74,308,28.436,32.88,36.424,HARD,,18.0,0,,21,1.6
9189,Las Vegas,Williams,23,Alexander ALBON,97.357,335,27.937,32.815,36.605,HARD,,18.0,0,,238,2.5
9189,Las Vegas,AlphaTauri,3,Daniel RICCIARDO,97.108,313,27.823,32.369,36.916,HARD,,18.0,0,,238,2.5
9189,Las Vegas,AlphaTauri,22,Yuki TSUNODA,97.587,318,28.419,32.531,36.637,HARD,,18.0,0,,290,1.5
9189,Las Vegas,McLaren,4,Lando NORRIS,119.327,224,35.472,39.001,44.854,MEDIUM,,18.0,0,,202,3.5
9189,Las Vegas,McLaren,81,Oscar PIASTRI,95.49,324,27.213,31.921,36.356,MEDIUM,,18.0,0,,104,2.2
9189,Las Vegas,Alpine,10,Pierre GASLY,96.913,324,27.898,32.564,36.451,HARD,,18.1,0,,301,2.2
9189,Las Vegas,Alpine,31,Esteban OCON,96.637,314,27.494,32.549,36.594,HARD,,18.0,0,,104,2.2
9189,Las Vegas,Aston Martin,14,Fernando ALONSO,96.559,316,27.769,32.304,36.486,HARD,,18.1,0,,288,2.0
9189,Las Vegas,Aston Martin,18,Lance STROLL,96.584,315,27.623,32.249,36.712,HARD,,18.0,0,,290,1.5
9189,Las Vegas,Ferrari,16,Charles LECLERC,95.669,350,27.43,31.875,36.364,HARD,,18.0,0,,238,2.5
9189,Las Vegas,Ferrari,55,Carlos SAINZ,95.984,326,27.404,32.071,36.509,HARD,,18.0,0,,104,2.2
9189,Las Vegas,Haas F1 Team,20,Kevin MAGNUSSEN,97.455,325,27.676,32.766,37.013,HARD,,18.0,0,,238,2.5
9189,Las Vegas,Haas F1 Team,27,Nico HULKENBERG,97.565,315,27.803,32.754,37.008,HARD,,18.1,0,,261,2.4
9189,Las Vegas,Alfa Romeo,24,ZHOU Guanyu,97.375,306,28.061,32.733,36.581,MEDIUM,,18.0,0,,21,1.6
9189,Las Vegas,Alfa Romeo,77,Valtteri BOTTAS,97.562,312,28.029,32.439,37.094,MEDIUM,,18.0,0,,224,1.6
9189,Las Vegas,Mercedes,44,Lewis HAMILTON,95.716,324,27.351,32.1,36.265,HARD,,18.0,0,,332,2.0
9189,Las Vegas,Mercedes,63,George RUSSELL,96.071,303,27.315,32.18,36.576,HARD,,18.1,0,,258,2.2
9197,Yas Marina Circuit,Red Bull Racing,1,Max VERSTAPPEN,86.993,299,17.505,37.714,31.774,HARD,,26.5,0,,299,1.2
9197,Yas Marina Circuit,Red Bull Racing,11,Sergio PEREZ,87.493,325,17.874,37.503,32.116,HARD,,26.5,0,,265,1.3
9197,Yas Marina Circuit,Williams,2,Logan SARGEANT,88.58,307,17.815,37.817,32.948,HARD,,26.6,0,,271,1.3
9197,Yas Marina Circuit,Williams,23,Alexander ALBON,87.845,318,17.746,37.427,32.672,HARD,,26.5,0,,285,1.7
9197,Yas Marina Circuit,AlphaTauri,3,Daniel RICCIARDO,88.571,304,17.87,38.266,32.435,HARD,,26.5,0,,355,1.7
9197,Yas Marina Circuit,AlphaTauri,22,Yuki TSUNODA,89.256,300,17.908,38.524,32.824,HARD,,26.5,0,,282,1.7
9197,Yas Marina Circuit,McLaren,4,Lando NORRIS,88.164,303,17.625,38.046,32.493,HARD,,26.5,0,,299,1.2
9197,Yas Marina Circuit,McLaren,81,Oscar PIASTRI,88.138,307,17.716,37.852,32.57,HARD,,26.7,0,,350,1.5
9197,Yas Marina Circuit,Alpine,10,Pierre GASLY,89.016,294,17.979,38.257,32.78,HARD,,26.6,0,,305,1.2
9197,Yas Marina Circuit,Alpine,31,Esteban OCON,90.033,320,18.217,38.131,33.685,HARD,,26.5,0,,311,1.3
9197,Yas Marina Circuit,Aston Martin,14,Fernando ALONSO,88.256,286,17.755,37.896,32.605,HARD,,26.6,0,,285,1.7
9197,Yas Marina Circuit,Aston Martin,18,Lance STROLL,88.05,294,17.686,37.982,32.382,MEDIUM,,26.5,0,,265,1.3
9197,Yas Marina Circuit,Ferrari,16,Charles LECLERC,88.199,305,17.789,37.99,32.42,HARD,,26.6,0,,271,1.3
9197,Yas Marina Circuit,Ferrari,55,Carlos SAINZ,89.452,301,18.064,38.443,32.945,HARD,,26.6,0,,285,1.7
9197,Yas Marina Circuit,Haas F1 Team,20,Kevin MAGNUSSEN,89.934,303,18.15,38.703,33.081,HARD,,26.5,0,,287,1.3
9197,Yas Marina Circuit,Haas F1 Team,27,Nico HULKENBERG,89.217,296,17.922,38.602,32.693,HARD,,26.4,0,,266,1.3
9197,Yas Marina Circuit,Alfa Romeo,24,ZHOU Guanyu,88.746,318,18.019,37.807,32.92,MEDIUM,,26.6,0,,271,1.3
9197,Yas Marina Circuit,Alfa Romeo,77,Valtteri BOTTAS,89.863,297,18.211,38.661,32.991,MEDIUM,,26.6,0,,285,1.7
9197,Yas Marina Circuit,Mercedes,44,Lewis HAMILTON,88.372,303,17.851,38.128,32.393,HARD,,26.5,0,,263,1.7
9197,Yas Marina Circuit,Mercedes,63,George RUSSELL,88.187,300,17.73,38.019,32.438,HARD,,26.5,0,,299,1.2
